{
  "ckpt": "results/qwen_dpo_b05/checkpoint",
  "base_model": "Qwen/Qwen2.5-0.5B-Instruct",
  "split": "test_prefs",
  "beta": 0.5,
  "n_pairs": 1813,
  "pref_acc": 0.5741864313292885,
  "mean_margin": 0.10889603200040335,
  "mean_chosen_r": -0.15481547295422562,
  "mean_rejected_r": -0.26371150498750523
}