{
  "ckpt": "results/qwen_dpo_nosft/checkpoint",
  "base_model": "Qwen/Qwen2.5-0.5B",
  "split": "test_prefs",
  "beta": 0.1,
  "n_pairs": 1820,
  "pref_acc": 0.5642857142857143,
  "mean_margin": 0.019997333325855026,
  "mean_chosen_r": 0.008013305190316105,
  "mean_rejected_r": -0.011984028027055192
}